Tag;Count
blazor;198
blazor-webassembly;135
webassembly;104
asp.net-core;80
c#;80
blazor-client-side;65
authentication;44
identityserver4;41
javascript;31
asp.net;19
asp.net-identity;18
azure;17
authorization;16
azure-ad-b2c;16
.net-core;16
azure-active-directory;15
emscripten;14
blazor-server-side;14
c++;13
.net-5;10
jwt;9
openid-connect;9
asp.net-web-api;9
security;9
browser;9
.net;8
iis;8
dependency-injection;7
asp.net-blazor;7
msal;7
rust;6
asp.net-core-3.1;6
signalr;6
sandbox;6
v8;5
identity;5
google-chrome;5
asp.net-core-identity;5
azure-functions;5
typescript;4
webpack;4
local-storage;4
api;4
asp.net-core-webapi;4
microsoft-graph-api;4
isolation;4
qt;3
wasm-bindgen;3
memory-leaks;3
asp.net-mvc;3
policy;3
amazon-cognito;3
cors;3
c;3
asp.net-core-5.0;3
oauth-2.0;3
azure-web-app-service;3
nginx;3
bearer-token;3
httpclient;3
embedded-v8;2
chromium;2
qt5;2
web;2
node.js;2
google-chrome-extension;2
hangfire;2
multithreading;2
facebook;2
razor-pages;2
docker;2
visual-studio-2019;2
access-token;2
grpc;2
permissions;2
roles;2
asp.net-core-hosted-services;2
json;2
azure-storage;2
html;2
claims-authentication;2
compilation;2
asp.net-core-signalr;2
cookies;2
blazor-hosted;2
content-security-policy;2
visual-studio;2
bit-manipulation;1
sha256;1
server;1
assemblyscript;1
typescript-typings;1
simd;1
assembly;1
parceljs;1
ecmascript-6;1
webpack-dev-server;1
rust-macros;1
dynamic-import;1
class;1
unity3d;1
uint8array;1
skia;1
fault;1
plugins;1
posix;1
signals;1
segmentation-fault;1
sockets;1
desktop-application;1
wasi;1
filesystems;1
webapi;1
httprequest;1
drm;1
computer-science;1
design-patterns;1
blazored;1
embedded-resource;1
usermanager;1
json-patch;1
.net-standard;1
main;1
httpcontext;1
ninject;1
reactiveui;1
mvvm;1
nunit;1
closures;1
honeypot;1
webcrypto-api;1
encryption;1
tensorflow;1
asm.js;1
dwarf;1
native-file-system-api-js;1
windows-server-2016;1
go;1
mongodb;1
lets-encrypt;1
https;1
attributes;1
debugging;1
asp.net-mvc-3;1
synchronous;1
claims-based-identity;1
http-status-code-403;1
protobuf-net.grpc;1
protobuf-net;1
service-worker;1
dotnet-httpclient;1
dgraph;1
graphql;1
asp.net-core-scaffolding;1
custom-authentication;1
powerbi-embedded;1
powerbi;1
onunload;1
web-worker;1
stack-overflow;1
language-lawyer;1
authorize;1
logout;1
signalr-hub;1
visual-studio-debugging;1
serilog;1
garbage-collection;1
memory-management;1
docker-networking;1
routing;1
scaffold;1
entity-framework;1
google-login;1
facebook-login;1
refresh-token;1
mysql;1
identitymodel;1
microsoft-identity-platform;1
asp.net-roles;1
redirect;1
azure-function-app;1
hosted;1
core;1
progressive-web-apps;1
ngrok;1
google-cloud-firestore;1
firebase;1
events;1
llvm-ir;1
llvm;1
quota;1
azure-static-website-hosting;1
serverless;1
appdomain;1
microservices;1
paypal;1
web-applications;1
asp.net-core-staticfile;1
iis-express;1
google-oauth;1
seccomp;1
scripting-language;1
cross-platform;1
heap-memory;1
electron;1
websocket;1
javascript-injection;1
cdn;1
auth0;1
secret-manager;1
angular;1
azure-authentication;1
google-authentication;1
pkce;1
session-storage;1
dropbox-api;1
strict-transport-security;1
hsts;1
client-side;1
sftp;1
ssh;1
shared-access-signatures;1
azure-storage-blobs;1
file-upload;1
pyodide;1
ssl;1
openid;1
get;1
cross-origin-opener-policy;1
sharedarraybuffer;1
ios;1
virtual-machine;1
user-management;1
wasmtime;1
